<manifest alg="2" build="2018.1.0.386" opt="false" iceEnabled="true" iceMarkupVersion="2" iceEnabledOptions="link,responsive,cachebuster,textStyling" exportTarget="other" domain="monter.by" resolutions="1x" timestamp="1598806522095">
  <folder name="css">
    <file name="site_global.css" crc="444006867"/>
    <file name="master_______-a.css" crc="4052203919" ref="uslugi:kontakty:onas:spasibo:index"/>
    <file name="uslugi.css" crc="43574223" ref="uslugi"/>
    <file name="kontakty.css" crc="4148705635" ref="kontakty"/>
    <file name="onas.css" crc="4050223269" ref="onas"/>
    <file name="spasibo.css" crc="47110453" ref="spasibo"/>
    <file name="index.css" crc="4097736842" ref="index"/>
  </folder>
  <folder name="fonts">
    <file name="playregular.woff" crc="400889313"/>
    <file name="playregular.eot" crc="372032874"/>
    <file name="playregular.svg" crc="482712337"/>
    <file name="playbold.woff" crc="420536299"/>
    <file name="playbold.eot" crc="192062325"/>
    <file name="playbold.svg" crc="4144131909"/>
  </folder>
  <folder name="assets">
    <file name="video.xls" crc="519781516" seo="true" mt="1549199696000"/>
    <file name="ops.xls" crc="4188758751" seo="true" mt="1549199696000"/>
  </folder>
  <folder name="scripts">
    <file name="jquery-1.8.3.min.js" crc="209076791" ref="index:uslugi:kontakty:onas:spasibo"/>
    <file name="museutils.js" crc="340535759" ref="index:uslugi:kontakty:onas:spasibo"/>
    <file name="whatinput.js" crc="86476730" ref="index:uslugi:kontakty:onas:spasibo"/>
    <file name="museconfig.js" crc="4286661555" ref="index:uslugi:kontakty:onas:spasibo"/>
    <file name="jquery.musepolyfill.bgsize.js" crc="4260645839" ref="index:spasibo"/>
    <file name="webpro.js" crc="4059564322" ref="index:uslugi:kontakty:onas:spasibo"/>
    <file name="form_check.php" crc="4020933626" ref="index"/>
    <file name="form_throttle.php" crc="4259590256" ref="index"/>
    <file name="form_process.php" crc="37464564" ref="index"/>
    <file name="form-u1605.php" crc="285766791" ref="index"/>
    <file name="musewpslideshow.js" crc="3862962738" ref="index:uslugi:kontakty:onas:spasibo"/>
    <file name="jquery.museoverlay.js" crc="4147669564" ref="index:uslugi:kontakty:onas:spasibo"/>
    <file name="touchswipe.js" crc="4075097462" ref="index:uslugi:kontakty:onas:spasibo"/>
    <file name="jquery.watch.js" crc="51536988" ref="index:uslugi:kontakty:onas:spasibo"/>
    <file name="jquery.musemenu.js" crc="510910590" ref="index:uslugi:kontakty:onas:spasibo"/>
    <file name="form-u327.php" crc="442884573" ref="index"/>
    <file name="form-u688.php" crc="227985978" ref="index"/>
    <file name="jquery.scrolleffects.js" crc="39568856" ref="index:spasibo"/>
    <file name="html5shiv.js" crc="4241844378" ref="index:uslugi:kontakty:onas:spasibo"/>
    <file name="require.js" crc="7928878" ref="index:uslugi:kontakty:onas:spasibo"/>
  </folder>
  <folder name="images">
    <file name="favicon.ico" crc="3851647337" ref="index"/>
    <file name="logo.png" crc="4145338537" seo="true" ref="index:uslugi:kontakty:onas:spasibo">
      <caption webpage="index" alt="стройспецсистемы"/>
      <caption webpage="index" alt="стройспецсистемы"/>
      <caption webpage="kontakty" alt="стройспецсистемы"/>
      <caption webpage="kontakty" alt="стройспецсистемы"/>
      <caption webpage="spasibo" alt="стройспецсистемы"/>
      <caption webpage="spasibo" alt="стройспецсистемы"/>
      <caption webpage="onas" alt="стройспецсистемы"/>
      <caption webpage="onas" alt="стройспецсистемы"/>
      <caption webpage="uslugi" alt="стройспецсистемы"/>
      <caption webpage="uslugi" alt="стройспецсистемы"/>
    </file>
    <file name="email_icon.png" crc="370778511" seo="true" ref="index:uslugi:kontakty:onas:spasibo">
      <caption webpage="index" alt=""/>
      <caption webpage="kontakty" alt=""/>
      <caption webpage="spasibo" alt=""/>
      <caption webpage="onas" alt=""/>
      <caption webpage="uslugi" alt=""/>
    </file>
    <file name="phone_icon.png" crc="424648367" seo="true" ref="index:uslugi:kontakty:onas:spasibo">
      <caption webpage="index" alt=""/>
      <caption webpage="kontakty" alt=""/>
      <caption webpage="spasibo" alt=""/>
      <caption webpage="onas" alt=""/>
      <caption webpage="uslugi" alt=""/>
    </file>
    <file name="textura3.jpg" crc="44530946" ref="index">
      <caption webpage="index" alt=""/>
    </file>
    <file name="cameraa.png" crc="145020444" seo="true" ref="index:uslugi:kontakty:onas:spasibo">
      <caption webpage="index" alt=""/>
      <caption webpage="kontakty" alt=""/>
      <caption webpage="spasibo" alt=""/>
      <caption webpage="onas" alt=""/>
      <caption webpage="uslugi" alt=""/>
    </file>
    <file name="bg11.jpg" crc="3928768471" ref="index">
      <caption webpage="index" alt=""/>
      <caption webpage="index" alt=""/>
      <caption webpage="index" alt=""/>
    </file>
    <file name="mainn.png" crc="4116567547" seo="true" ref="index">
      <caption webpage="index" alt="система безопасности"/>
    </file>
    <file name="cameraa1.png" crc="4046612736" seo="true" ref="index">
      <caption webpage="index" alt="системы видеонаблюдения"/>
    </file>
    <file name="bg.jpg" crc="4013734624" ref="index">
      <caption webpage="index" alt=""/>
    </file>
    <file name="w1-u1754.png" crc="416885784" seo="true" ref="index">
      <caption webpage="index" alt=""/>
    </file>
    <file name="w2-u1744.png" crc="3808986687" seo="true" ref="index">
      <caption webpage="index" alt=""/>
    </file>
    <file name="w3-u1737.png" crc="4103913304" seo="true" ref="index">
      <caption webpage="index" alt=""/>
    </file>
    <file name="w4-u1774.png" crc="286201956" seo="true" ref="index">
      <caption webpage="index" alt=""/>
    </file>
    <file name="w6-u1764.png" crc="3935139841" seo="true" ref="index">
      <caption webpage="index" alt=""/>
    </file>
    <file name="mesta.jpg" crc="230371705" seo="true" ref="index">
      <caption webpage="index" alt="объекты с системами видеонаблюдения"/>
    </file>
    <file name="cameraa2.png" crc="4134484658" seo="true" ref="index">
      <caption webpage="index" alt="система наблюдения"/>
    </file>
    <file name="ad6.png" crc="424136290" seo="true" ref="index">
      <caption webpage="index" alt=""/>
    </file>
    <file name="if_location_115718.png" crc="3943974461" seo="true" ref="index">
      <caption webpage="index" alt=""/>
    </file>
    <file name="if_money_172506.png" crc="363284429" seo="true" ref="index">
      <caption webpage="index" alt=""/>
    </file>
    <file name="if_question_416921.png" crc="4047014749" seo="true" ref="index">
      <caption webpage="index" alt=""/>
    </file>
    <file name="passage-of-time.png" crc="3970571420" seo="true" ref="index">
      <caption webpage="index" alt=""/>
    </file>
    <file name="wax.png" crc="266979004" seo="true" ref="index">
      <caption webpage="index" alt=""/>
    </file>
    <file name="kakrabotaem.jpg" crc="239898687" seo="true" ref="index">
      <caption webpage="index" alt=""/>
    </file>
    <file name="kamera3.jpg" crc="3858445592" ref="index:spasibo">
      <caption webpage="index" alt=""/>
    </file>
    <file name="xls.png" crc="3964363609" seo="true" ref="index">
      <caption webpage="index" alt=""/>
      <caption webpage="index" alt=""/>
    </file>
    <file name="11.png" crc="291668836" seo="true" ref="index">
      <caption webpage="index" alt=""/>
    </file>
    <file name="22.gif" crc="3801156825" seo="true" ref="index">
      <caption webpage="index" alt=""/>
    </file>
    <file name="44.png" crc="378421909" seo="true" ref="index">
      <caption webpage="index" alt=""/>
    </file>
    <file name="66.jpg" crc="4093568224" seo="true" ref="index">
      <caption webpage="index" alt=""/>
    </file>
    <file name="33.png" crc="3966837940" seo="true" ref="index">
      <caption webpage="index" alt=""/>
    </file>
    <file name="mns.png" crc="4226228910" seo="true" ref="index">
      <caption webpage="index" alt=""/>
    </file>
    <file name="margarinovyi.jpg" crc="417569612" seo="true" ref="index">
      <caption webpage="index" alt=""/>
    </file>
    <file name="narkolog.jpg" crc="4167595644" seo="true" ref="index">
      <caption webpage="index" alt=""/>
    </file>
    <file name="vstu.jpg" crc="4033015673" seo="true" ref="index">
      <caption webpage="index" alt=""/>
    </file>
    <file name="coat-of-arms-min (1).jpg" crc="3951957774" seo="true" ref="index">
      <caption webpage="index" alt=""/>
    </file>
    <file name="vgu.jpg" crc="4282908060" seo="true" ref="index">
      <caption webpage="index" alt=""/>
    </file>
    <file name="polockhleb.gif" crc="55438572" seo="true" ref="index">
      <caption webpage="index" alt=""/>
    </file>
    <file name="bg22.jpg" crc="4013734624" ref="index">
      <caption webpage="index" alt=""/>
    </file>
    <file name="sertifikat 1.jpg" crc="438324091" seo="true" ref="index">
      <caption webpage="index" alt=""/>
    </file>
    <file name="blank.gif" crc="4208392903" ref="index"/>
    <file name="sertifikat 2.jpg" crc="477949069" seo="true" ref="index">
      <caption webpage="index" alt=""/>
    </file>
    <file name="sertifikat 1336x480.jpg" crc="3923595647" seo="true" ref="index">
      <caption webpage="index" alt="стройспецсистемы"/>
    </file>
    <file name="sertifikat 2336x480.jpg" crc="3874658922" seo="true" ref="index">
      <caption webpage="index" alt="стройспецсистемы"/>
    </file>
    <file name="loading.gif" crc="3815509949" ref="index"/>
    <file name="1.jpg" crc="304783182" seo="true" ref="uslugi">
      <caption webpage="uslugi" alt=""/>
    </file>
    <file name="2-crop-u2367.jpg" crc="3816493979" seo="true" ref="uslugi">
      <caption webpage="uslugi" alt=""/>
    </file>
    <file name="3-crop-u2402.jpg" crc="4114620164" seo="true" ref="uslugi">
      <caption webpage="uslugi" alt=""/>
    </file>
    <file name="5-crop-u2440.jpg" crc="4226758382" seo="true" ref="uslugi">
      <caption webpage="uslugi" alt=""/>
    </file>
    <file name="bg11-u6591-fr.png" crc="334466743" ref="uslugi:kontakty:onas">
      <caption webpage="onas" alt=""/>
      <caption webpage="kontakty" alt=""/>
      <caption webpage="uslugi" alt=""/>
    </file>
    <file name="o nas-crop-u2637.jpg" crc="3807161490" seo="true" ref="onas">
      <caption webpage="onas" alt=""/>
    </file>
    <file name="4-crop-u2430.jpg" crc="111548513" seo="true" ref="uslugi">
      <caption webpage="uslugi" alt=""/>
    </file>
  </folder>
  <file name="index.html" crc="4189713237" seo="true" mt="1598806492042" redirect="true"/>
  <file name="uslugi.html" crc="150050408" seo="true" mt="1596371160366" redirect="true"/>
  <file name="kontakty.html" crc="3857470820" seo="true" mt="1593622751744" redirect="true"/>
  <file name="onas.html" crc="3874928720" seo="true" mt="1593622751744" redirect="true"/>
  <file name="spasibo.html" crc="244637912" seo="true" mt="1593622765731" redirect="true"/>
</manifest>